{
    "root_group": {
        "name": "",
        "path": "",
        "id": "d41d8cd98f00b204e9800998ecf8427e",
        "groups": {},
        "checks": {
                "HTTP 状态为 200": {
                    "id": "2e05ee80a6ff13b0675ad507fdc45c38",
                    "passes": 2386,
                    "fails": 0,
                    "name": "HTTP 状态为 200",
                    "path": "::HTTP 状态为 200"
                },
                "业务状态成功": {
                    "name": "业务状态成功",
                    "path": "::业务状态成功",
                    "id": "da705338e916bc55c53ecc6b6d3f7f7c",
                    "passes": 2386,
                    "fails": 0
                }
            }
    },
    "metrics": {
        "http_req_duration": {
            "max": 19.484,
            "p(90)": 10.278,
            "p(95)": 12.387749999999999,
            "avg": 5.653025146689032,
            "min": 0.865,
            "med": 5.236000000000001,
            "thresholds": {
                "p(95)<1500": false
            }
        },
        "http_req_duration{expected_response:true}": {
            "p(95)": 12.387749999999999,
            "avg": 5.653025146689032,
            "min": 0.865,
            "med": 5.236000000000001,
            "max": 19.484,
            "p(90)": 10.278
        },
        "checks": {
            "passes": 4772,
            "fails": 0,
            "value": 1
        },
        "data_sent": {
            "count": 188494,
            "rate": 36946.80686123063
        },
        "iteration_duration": {
            "avg": 106.09951348616947,
            "min": 100.970167,
            "med": 105.5723335,
            "max": 119.692125,
            "p(90)": 110.910229,
            "p(95)": 113.09155200000001
        },
        "vus": {
            "max": 50,
            "value": 50,
            "min": 50
        },
        "business_failures": {
            "passes": 0,
            "fails": 2386,
            "thresholds": {
                "rate<0.01": false
            },
            "value": 0
        },
        "http_req_failed": {
            "passes": 0,
            "fails": 2386,
            "thresholds": {
                "rate<0.01": false
            },
            "value": 0
        },
        "http_req_blocked": {
            "avg": 0.018914501257334362,
            "min": 0,
            "med": 0.003,
            "max": 0.903,
            "p(90)": 0.008,
            "p(95)": 0.01
        },
        "http_req_connecting": {
            "min": 0,
            "med": 0,
            "max": 0.862,
            "p(90)": 0,
            "p(95)": 0,
            "avg": 0.013719614417435038
        },
        "data_received": {
            "count": 1906414,
            "rate": 373677.1985078895
        },
        "http_req_receiving": {
            "p(90)": 0.047500000000000056,
            "p(95)": 0.08674999999999988,
            "avg": 0.02781223805532294,
            "min": 0.003,
            "med": 0.015,
            "max": 0.944
        },
        "http_req_tls_handshaking": {
            "max": 0,
            "p(90)": 0,
            "p(95)": 0,
            "avg": 0,
            "min": 0,
            "med": 0
        },
        "vus_max": {
            "value": 50,
            "min": 50,
            "max": 50
        },
        "http_req_sending": {
            "med": 0.008,
            "max": 1.31,
            "p(90)": 0.022,
            "p(95)": 0.043,
            "avg": 0.017669740150880218,
            "min": 0.001
        },
        "http_reqs": {
            "count": 2386,
            "rate": 467.6810995092485
        },
        "http_req_waiting": {
            "avg": 5.607543168482822,
            "min": 0.857,
            "med": 5.194,
            "max": 19.453,
            "p(90)": 10.1475,
            "p(95)": 12.360999999999999
        },
        "iterations": {
            "count": 2386,
            "rate": 467.6810995092485
        }
    }
}