{
    "metrics": {
        "http_req_duration": {
            "p(90)": 3.3882,
            "p(95)": 3.6259499999999996,
            "avg": 2.4525775510204078,
            "min": 0.5,
            "med": 2.507,
            "max": 4.874,
            "thresholds": {
                "p(95)<1500": false
            }
        },
        "checks": {
            "passes": 980,
            "fails": 0,
            "value": 1
        },
        "iterations": {
            "count": 490,
            "rate": 96.8167636052745
        },
        "http_reqs": {
            "count": 490,
            "rate": 96.8167636052745
        },
        "http_req_duration{expected_response:true}": {
            "min": 0.5,
            "med": 2.507,
            "max": 4.874,
            "p(90)": 3.3882,
            "p(95)": 3.6259499999999996,
            "avg": 2.4525775510204078
        },
        "http_req_sending": {
            "p(90)": 0.04110000000000001,
            "p(95)": 0.083,
            "avg": 0.0229244897959183,
            "min": 0.003,
            "med": 0.014,
            "max": 0.216
        },
        "http_req_failed": {
            "passes": 0,
            "fails": 490,
            "thresholds": {
                "rate<0.01": false
            },
            "value": 0
        },
        "iteration_duration": {
            "avg": 103.2624531428572,
            "min": 101.093584,
            "med": 103.333917,
            "max": 106.009875,
            "p(90)": 104.25492050000001,
            "p(95)": 104.6253997
        },
        "data_received": {
            "count": 1065252,
            "rate": 210478.06339601197
        },
        "http_req_blocked": {
            "avg": 0.014244897959183607,
            "min": 0.001,
            "med": 0.006,
            "max": 0.463,
            "p(90)": 0.01,
            "p(95)": 0.011549999999999979
        },
        "http_req_waiting": {
            "min": 0.365,
            "med": 2.4275,
            "max": 4.189,
            "p(90)": 3.2901000000000002,
            "p(95)": 3.537249999999999,
            "avg": 2.3752061224489798
        },
        "http_req_connecting": {
            "min": 0,
            "med": 0,
            "max": 0.371,
            "p(90)": 0,
            "p(95)": 0,
            "avg": 0.005177551020408163
        },
        "http_req_tls_handshaking": {
            "p(95)": 0,
            "avg": 0,
            "min": 0,
            "med": 0,
            "max": 0,
            "p(90)": 0
        },
        "http_req_receiving": {
            "med": 0.034,
            "max": 1.284,
            "p(90)": 0.097,
            "p(95)": 0.141,
            "avg": 0.054446938775510136,
            "min": 0.006
        },
        "vus": {
            "min": 10,
            "max": 10,
            "value": 10
        },
        "vus_max": {
            "min": 10,
            "max": 10,
            "value": 10
        },
        "business_failures": {
            "passes": 0,
            "fails": 490,
            "thresholds": {
                "rate<0.01": false
            },
            "value": 0
        },
        "data_sent": {
            "count": 38220,
            "rate": 7551.707561211411
        }
    },
    "root_group": {
        "name": "",
        "path": "",
        "id": "d41d8cd98f00b204e9800998ecf8427e",
        "groups": {},
        "checks": {
                "HTTP 状态为 200": {
                    "passes": 490,
                    "fails": 0,
                    "name": "HTTP 状态为 200",
                    "path": "::HTTP 状态为 200",
                    "id": "2e05ee80a6ff13b0675ad507fdc45c38"
                },
                "业务状态成功": {
                    "name": "业务状态成功",
                    "path": "::业务状态成功",
                    "id": "da705338e916bc55c53ecc6b6d3f7f7c",
                    "passes": 490,
                    "fails": 0
                }
            }
    }
}