{
    "metrics": {
        "dropped_iterations": {
            "count": 0,
            "rate": 0,
            "thresholds": {
                "count==0": false
            }
        },
        "http_reqs": {
            "rate": 2.039472041375217,
            "count": 41
        },
        "business_failures": {
            "passes": 0,
            "fails": 21,
            "thresholds": {
                "rate<0.01": false
            },
            "value": 0
        },
        "checks": {
            "fails": 0,
            "passes": 21,
            "value": 1
        },
        "http_req_tls_handshaking": {
            "avg": 0,
            "min": 0,
            "med": 0,
            "max": 0,
            "p(90)": 0,
            "p(95)": 0
        },
        "http_req_waiting": {
            "avg": 3.263292682926829,
            "min": 0.439,
            "med": 3.097,
            "max": 7.004,
            "p(90)": 5.005,
            "p(95)": 5.35
        },
        "http_req_duration{expected_response:true}": {
            "max": 7.187,
            "p(90)": 5.053,
            "p(95)": 5.469,
            "avg": 3.3976585365853658,
            "min": 0.704,
            "med": 3.217
        },
        "iteration_duration": {
            "avg": 492.0933616585366,
            "min": 1.957042,
            "med": 4.368541,
            "max": 1008.0885,
            "p(90)": 1006.320625,
            "p(95)": 1006.696416
        },
        "pending_shipments": {
            "value": 8,
            "min": 0,
            "max": 8
        },
        "http_req_failed": {
            "passes": 0,
            "fails": 41,
            "value": 0
        },
        "http_req_connecting": {
            "med": 0,
            "max": 0.418,
            "p(90)": 0.229,
            "p(95)": 0.345,
            "avg": 0.04521951219512195,
            "min": 0
        },
        "http_req_receiving": {
            "avg": 0.08658536585365856,
            "min": 0.017,
            "med": 0.091,
            "max": 0.137,
            "p(90)": 0.106,
            "p(95)": 0.121
        },
        "http_req_blocked": {
            "max": 0.897,
            "p(90)": 0.452,
            "p(95)": 0.534,
            "avg": 0.0962195121951219,
            "min": 0.003,
            "med": 0.012
        },
        "data_received": {
            "count": 24585,
            "rate": 1222.9370765173098
        },
        "data_sent": {
            "count": 3986,
            "rate": 198.27647699808816
        },
        "http_req_duration": {
            "avg": 3.3976585365853658,
            "min": 0.704,
            "med": 3.217,
            "max": 7.187,
            "p(90)": 5.053,
            "p(95)": 5.469
        },
        "http_req_sending": {
            "med": 0.034,
            "max": 0.17,
            "p(90)": 0.104,
            "p(95)": 0.154,
            "avg": 0.04778048780487804,
            "min": 0.012
        },
        "vus_max": {
            "value": 6,
            "min": 6,
            "max": 6
        },
        "iterations": {
            "count": 41,
            "rate": 2.039472041375217
        },
        "vus": {
            "value": 1,
            "min": 1,
            "max": 1
        }
    },
    "root_group": {
        "name": "",
        "path": "",
        "id": "d41d8cd98f00b204e9800998ecf8427e",
        "groups": {},
        "checks": {
                "成功创建一笔运单": {
                    "name": "成功创建一笔运单",
                    "path": "::成功创建一笔运单",
                    "id": "4613d308c9ebdd284a09d7214fffbea9",
                    "passes": 21,
                    "fails": 0
                }
            }
    }
}