{
    "root_group": {
        "groups": {},
        "checks": {
                "成功创建一笔运单": {
                    "fails": 0,
                    "name": "成功创建一笔运单",
                    "path": "::成功创建一笔运单",
                    "id": "4613d308c9ebdd284a09d7214fffbea9",
                    "passes": 40
                }
            },
        "name": "",
        "path": "",
        "id": "d41d8cd98f00b204e9800998ecf8427e"
    },
    "metrics": {
        "http_req_duration": {
            "med": 3.4459999999999997,
            "max": 15.007,
            "p(90)": 11.9244,
            "p(95)": 12.940249999999997,
            "avg": 5.3322666666666665,
            "min": 1.138
        },
        "http_req_duration{expected_response:true}": {
            "avg": 5.3322666666666665,
            "min": 1.138,
            "med": 3.4459999999999997,
            "max": 15.007,
            "p(90)": 11.9244,
            "p(95)": 12.940249999999997
        },
        "http_req_sending": {
            "max": 0.12,
            "p(90)": 0.0734,
            "p(95)": 0.08804999999999999,
            "avg": 0.04051666666666666,
            "min": 0.02,
            "med": 0.035
        },
        "http_req_connecting": {
            "max": 0.34,
            "p(90)": 0.01590000000000021,
            "p(95)": 0.28814999999999996,
            "avg": 0.026083333333333333,
            "min": 0,
            "med": 0
        },
        "http_req_blocked": {
            "avg": 0.04571666666666664,
            "min": 0.006,
            "med": 0.012,
            "max": 0.443,
            "p(90)": 0.04890000000000028,
            "p(95)": 0.36294999999999994
        },
        "iteration_duration": {
            "p(90)": 1013.4850131,
            "p(95)": 1014.43694165,
            "avg": 339.38393341666665,
            "min": 1.533375,
            "med": 4.0279375,
            "max": 1016.319917
        },
        "http_reqs": {
            "rate": 2.9681454181505953,
            "count": 60
        },
        "data_received": {
            "count": 80398,
            "rate": 3977.2159221411926
        },
        "pending_shipments": {
            "min": 4,
            "max": 28,
            "value": 28
        },
        "vus_max": {
            "value": 6,
            "min": 6,
            "max": 6
        },
        "http_req_failed": {
            "passes": 0,
            "fails": 60,
            "value": 0
        },
        "data_sent": {
            "count": 6000,
            "rate": 296.8145418150595
        },
        "business_failures": {
            "passes": 0,
            "fails": 40,
            "thresholds": {
                "rate<0.01": false
            },
            "value": 0
        },
        "dropped_iterations": {
            "count": 0,
            "rate": 0,
            "thresholds": {
                "count==0": false
            }
        },
        "http_req_receiving": {
            "p(90)": 0.1295,
            "p(95)": 0.14024999999999999,
            "avg": 0.09616666666666666,
            "min": 0.02,
            "med": 0.097,
            "max": 0.15
        },
        "iterations": {
            "count": 60,
            "rate": 2.9681454181505953
        },
        "http_req_waiting": {
            "max": 14.897,
            "p(90)": 11.7629,
            "p(95)": 12.801049999999996,
            "avg": 5.195583333333332,
            "min": 1.035,
            "med": 3.2895000000000003
        },
        "checks": {
            "passes": 40,
            "fails": 0,
            "value": 1
        },
        "vus": {
            "value": 1,
            "min": 1,
            "max": 1
        },
        "http_req_tls_handshaking": {
            "min": 0,
            "med": 0,
            "max": 0,
            "p(90)": 0,
            "p(95)": 0,
            "avg": 0
        }
    }
}